﻿<?xml version="1.0" encoding="utf-8"?>
<LanguageData>

  <!--[Core] <LowExpectations.stages.0.label>低度期望</LowExpectations.stages.0.label>-->
  <!--[Core] <LowExpectations.stages.0.description>這地方真是糟透了，我不敢期待在這裡生活會有多舒適。</LowExpectations.stages.0.description>-->
  <!--[Core] <LowExpectations.stages.1.label>不抱期望</LowExpectations.stages.1.label>-->
  <!--[Core] <LowExpectations.stages.1.description>這裡真是個不毛之地，我得要堅強才能活下去。</LowExpectations.stages.1.description>-->
  <!--[Core] <LowExpectations.stages.2.label>失去期望</LowExpectations.stages.2.label>-->
  <!--[Core] <LowExpectations.stages.2.description>這裡簡直是個貧困災區，我不敢期待在這裡能有一點舒適，我得要堅強才能活下去。</LowExpectations.stages.2.description>-->
  <!--[Core] <LowExpectations.stages.3.label>毫無期望</LowExpectations.stages.3.label>-->
  <!--[Core] <LowExpectations.stages.3.description>這個地方的所有資源只夠勉強維持生存，我最好再更堅強才能生存下來。</LowExpectations.stages.3.description>-->

  <GuestBedCount.stages.0.label>沒有訪客用床</GuestBedCount.stages.0.label>
  <GuestBedCount.stages.0.description>他們甚至連張床頭沒有。</GuestBedCount.stages.0.description>
  <GuestBedCount.stages.1.label>沒有足夠的訪客用床</GuestBedCount.stages.1.label>
  <GuestBedCount.stages.1.description>我們的房間應該多放幾張床。</GuestBedCount.stages.1.description>
  <GuestBedCount.stages.2.label>足夠的訪客用床</GuestBedCount.stages.2.label>
  <GuestBedCount.stages.2.description>我們的房間有足夠我們所有人用的床。</GuestBedCount.stages.2.description>
  <GuestBedCount.stages.3.label>好多的床</GuestBedCount.stages.3.label>
  <GuestBedCount.stages.3.description>哇哦！很多的床！</GuestBedCount.stages.3.description>


</LanguageData>