﻿<?xml version="1.0" encoding="utf-8"?>
<LanguageData>

  <GuestAngered.stages.0.label>因目睹招募而憤怒</GuestAngered.stages.0.label>
  <GuestAngered.stages.0.labelSocial>我對招募之事感到憤怒</GuestAngered.stages.0.labelSocial>
  <GuestAngered.stages.0.description>那群傢伙正試圖挖走我們的人！</GuestAngered.stages.0.description>

  <GuestOffendedRelationship.stages.0.label>被殖民者侮辱</GuestOffendedRelationship.stages.0.label>
  <GuestOffendedRelationship.stages.0.labelSocial>我被侮辱了</GuestOffendedRelationship.stages.0.labelSocial>
  <GuestOffendedRelationship.stages.0.description>那群失敗者！</GuestOffendedRelationship.stages.0.description>

  <GuestPleasedRelationship.stages.0.label>被殖民者说服</GuestPleasedRelationship.stages.0.label>
  <GuestPleasedRelationship.stages.0.labelSocial>我被说服了</GuestPleasedRelationship.stages.0.labelSocial>
  <GuestPleasedRelationship.stages.0.description>多麼好的一群人啊！</GuestPleasedRelationship.stages.0.description>

  <EndorsedByRecruiter.stages.0.label>被招募者認可</EndorsedByRecruiter.stages.0.label>
  <EndorsedByRecruiter.stages.0.labelSocial>招募者認可了我</EndorsedByRecruiter.stages.0.labelSocial>
  <EndorsedByRecruiter.stages.0.description>這個人對我很推崇。</EndorsedByRecruiter.stages.0.description>

  <GuestDismissiveAttitude.stages.0.label>对交谈感到厌烦</GuestDismissiveAttitude.stages.0.label>
  <GuestDismissiveAttitude.stages.0.description>我暫時不想再聊天了。</GuestDismissiveAttitude.stages.0.description>


</LanguageData>