<?xml version="1.0" encoding="utf-8" ?>
<!--suppress ALL -->
<LanguageData>
	
	<Sentence_CharmAttemptAccepted.rulePack.rulesStrings>
        <li>sent->[RECIPIENT_nameDef] [RECIPIENT_possessive] applaudit des mains avec enthousiasme.</li>
        <li>sent->[RECIPIENT_nameDef] sourit.</li>
        <li>sent->[RECIPIENT_nameDef] hoche la tête.</li>
        <li>sent->[RECIPIENT_nameDef] est impatient(e) d'en entendre plus.</li>
        <li>sent->[RECIPIENT_nameDef] a l'air excité.</li>
        <li>sent->[RECIPIENT_nameDef] a l'air flatté.</li>
        <li>sent->[RECIPIENT_nameDef] regarde [INITIATOR_nameDef] avec étonnement.</li>
	</Sentence_CharmAttemptAccepted.rulePack.rulesStrings>

	<Sentence_CharmAttemptRejected.rulePack.rulesStrings>
        <li>sent->[RECIPIENT_nameDef] se fâche.</li>
        <li>sent->[RECIPIENT_nameDef] RECIPIENT_possessive] désapprouve.</li>
        <li>sent->[RECIPIENT_nameDef] s'en fiche.</li>
        <li>sent->[RECIPIENT_nameDef] en avait déjà assez.</li>
        <li>sent->[RECIPIENT_nameDef] regarde autour de lui, ennuyé...</li>
        <li>sent->[RECIPIENT_nameDef] dit qu'il va bientôt partir.</li>
        <li>sent->[RECIPIENT_nameDef] roule [RECIPIENT_possessive] ses yeux.</li>
	</Sentence_CharmAttemptRejected.rulePack.rulesStrings>
	
</LanguageData>
