﻿<?xml version="1.0" encoding="utf-8" ?>
<LanguageData>

	<rep>
		<path>GuestConvinced.stages[0].label</path>
		<trans>убеждён поселенцем</trans>
	</rep>
	<rep>
		<path>GuestConvinced.stages[0].labelSocial</path>
		<trans>убедил меня</trans>
	</rep>
	<rep>
		<path>GuestConvinced.stages[0].description</path>
		<trans>Этот поселенец и я говорили о поселении. Это место выглядит неплохо...</trans>
	</rep>

	<rep>
		<path>GuestOffended.stages[0].label</path>
		<trans>обидел меня</trans>
	</rep>
	<rep>
		<path>GuestOffended.stages[0].labelSocial</path>
		<trans>обижен на поселенца</trans>
	</rep>
	<rep>
		<path>GuestOffended.stages[0].description</path>
		<trans>Этот поселенец пытался завербовать меня. Но я не хочу покидать свою фракцию!</trans>
	</rep>

	<rep>
		<path>GuestAngered.stages[0].label</path>
		<trans>взбешен попыткой вербовки</trans>
	</rep>
	<rep>
		<path>GuestAngered.stages[0].labelSocial</path>
		<trans>обидел меня попыткой вербовки</trans>
	</rep>
	<rep>
		<path>GuestAngered.stages[0].description</path>
		<trans>Эти ребята хотят похитить наших членов!</trans>
	</rep>

	<rep>
		<path>GuestOffendedRelationship.stages[0].label</path>
		<trans>оскорблен колонистом</trans>
	</rep>
	<rep>
		<path>GuestOffendedRelationship.stages[0].labelSocial</path>
		<trans>оскорбил меня</trans>
	</rep>
	<rep>
		<path>GuestOffendedRelationship.stages[0].description</path>
		<trans>Эти ребята неудачники!</trans>
	</rep>

	<rep>
		<path>GuestPleasedRelationship.stages[0].label</path>
		<trans>очарован колонистом</trans>
	</rep>
	<rep>
		<path>GuestPleasedRelationship.stages[0].labelSocial</path>
		<trans>очаровал меня</trans>
	</rep>
	<rep>
		<path>GuestPleasedRelationship.stages[0].description</path>
		<trans>Такие приятные люди!</trans>
	</rep>

	<rep>
		<path>GuestDismissiveAttitude.stages[0].label</path>
		<trans>устал от разговоров</trans>
	</rep>
	<rep>
		<path>GuestDismissiveAttitude.stages[0].description</path>
		<trans>Хватит разговоров на сегодня. Оставьте меня в покое.</trans>
	</rep>
	<rep>
		<path>GuestBedCount.stages[0].label</path>
		<trans>нет кроватей для гостей</trans>
	</rep>
	<rep>
		<path>GuestBedCount.stages[0].description</path>
		<trans>У них здесь даже нет кроватей.</trans>
	</rep>
	<rep>
		<path>GuestBedCount.stages[1].label</path>
		<trans>не хватает кроватей для гостей</trans>
	</rep>
	<rep>
		<path>GuestBedCount.stages[1].description</path>
		<trans>В этой комнате должно быть больше мест.</trans>
	</rep>
	<rep>
		<path>GuestBedCount.stages[2].label</path>
		<trans>хватает кроватей</trans>
	</rep>
	<rep>
		<path>GuestBedCount.stages[2].description</path>
		<trans>В этой комнате достаточно мест для всех нас.</trans>
	</rep>
	<rep>
		<path>GuestBedCount.stages[3].label</path>
		<trans>много кроватей</trans>
	</rep>
	<rep>
		<path>GuestBedCount.stages[3].description</path>
		<trans>Ничего себе, как много мест!</trans>
	</rep>

</LanguageData>
