<?xml version="1.0" encoding="utf-8" ?>
<LanguageData>

  <!-- Recruiting -->
  <RecruitAngerMultiple>C'est la {2}x d'affilée que {0} a énervé {1}.</RecruitAngerMultiple>

  <RecruitFactionAnger>{0} ({1}) est fâché de vous voir recruter {2} ({3}).</RecruitFactionAnger>

  <RecruitFactionAngerLeaderless>Les membres de {0} n’ont plus jamais entendu parler de leur faction ({2}).</RecruitFactionAngerLeaderless>

  <LostGroupFactionAnger>{0} {1} ne se rappelle pas de sa faction ({2}).</LostGroupFactionAnger>

  <LostGroupFactionAngerLeaderless>Les membres de {0} sont fâchés avec vous pour avoir recruté ({1}).</LostGroupFactionAngerLeaderless>

  <RecruitFactionPlease>{0} {1} se réjouit de voir que vous lui avez débarrassé de {2} ! ({3}).</RecruitFactionPlease>

  <RecruitFactionPleaseLeaderless>Les membres de {0} se réjouissent de voir {1} quitter leur faction ({2}).</RecruitFactionPleaseLeaderless>

  <MessageGuestRecruitSuccess>{0} a joyeusement décidé de se joindre à votre colonie !</MessageGuestRecruitSuccess>
  <MessageGuestForcedRecruit>{0} a été enrôlé de force dans votre colonie !</MessageGuestForcedRecruit>

  <LetterLabelRecruitFactionChiefAnger>Chef en colère</LetterLabelRecruitFactionChiefAnger>
  <LetterLabelRecruitFactionAnger>Faction en colère</LetterLabelRecruitFactionAnger>
  <LetterLabelRecruitFactionChiefPlease>Chef content</LetterLabelRecruitFactionChiefPlease>
  <LetterLabelRecruitFactionPlease>Faction contente</LetterLabelRecruitFactionPlease>
  <GuestCanBeRecruitedNow>{PAWN_labelShort} a désormais assez d'amis pour être recruté(e).</GuestCanBeRecruitedNow>
  
  <TextMote_CharmFail>Offensé</TextMote_CharmFail>
  <TextMote_CharmSuccess>Charmé</TextMote_CharmSuccess>
  
  <!-- Diplomacy --> 
  <ImproveFactionPlease>{0} a amélioré la relation entre {4} et {1} de {2} ({3} chance).</ImproveFactionPlease>
  <ImproveFactionAnger>{0} a empiré la relation avec {1} de {2} ({3} chance).</ImproveFactionAnger>
  
  <!-- Incident Results -->
  <VisitorsLeavingGreat>Ils sont absolument stupéfaits par votre hospitalité ! (Score: {1})</VisitorsLeavingGreat>
  <VisitorsLeavingGood>Ils ont vraiment apprécié leur séjour ! (Score: {1})</VisitorsLeavingGood>
  <VisitorsLeavingNormal>Leur séjour s'est bien passé. (Score: {1})</VisitorsLeavingNormal>
  <VisitorsLeavingBad>Ils attendaient plus de vous. (Score: {1})</VisitorsLeavingBad>
  <VisitorsLeavingAwful>Ils ont été terriblement déçus de leur séjour. (Score: {1})</VisitorsLeavingAwful>

  <VisitorSatisfied>{0} a apprécié la venue de {1}. {2} vous quitte {3}.</VisitorSatisfied>
  <VisitorVerySatisfied>{0} a adoré le séjour de {1}. {2} vous quitte {3}.</VisitorVerySatisfied>

  <MessageVisitorsLeavingCold>Les invités de {0} s'en vont une nouvelle fois car il fait trop froid.</MessageVisitorsLeavingCold>
  <VisitorsSentAway>Vous les avez renvoyés.</VisitorsSentAway>
  
  <VisitorsReturnSoon>Ils reviendront sous peu.</VisitorsReturnSoon>
  <VisitorsReturnWhile>Ils reviendront plus tard.</VisitorsReturnWhile>
  <VisitorsReturnNotSoon>Ils ne reviendront pas de sitôt.</VisitorsReturnNotSoon>
  <VisitorsReturnNot>Ils en ont eu assez de votre colonie et ne reviendront pas.</VisitorsReturnNot>

  <VisitorsArrivedTitle>Les invités sont arrivés à {0} (en provenance de {1})</VisitorsArrivedTitle>
  <VisitorsArrivedDesc>Ils ont peur d’entrer dans votre territoire pour les raisons suivantes:\n{1}\n\nSi vous les renvoyez, ils resteront dans la région et reviendront plus tard.</VisitorsArrivedDesc>

  <VisitorsArrivedAccept>Garantir la sécurité</VisitorsArrivedAccept>
  <VisitorsArrivedRefuse>Renvoyer</VisitorsArrivedRefuse>

  <VisitorsArrivedRefuseUntilBeds>Refuser les invités jusqu’à ce que j’ai des lits pour eux.</VisitorsArrivedRefuseUntilBeds>
  <VisitorsArrivedReasonNoBeds>Pas de lits pour invités</VisitorsArrivedReasonNoBeds>

  <LetterLabelDownedPawnBecameGuest>{PAWN_labelShort} est devenu un invité.</LetterLabelDownedPawnBecameGuest>
  <LetterLabelDownedPawnJoinedGroup>{PAWN_labelShort} a rejoint le groupe des invités</LetterLabelDownedPawnJoinedGroup>
  <DownedPawnBecameGuest>{PAWN_nameDef}, que vous avez sauvé, est maintenant un invite restera encore quelques heures. Vous pouvez le laisser libre, le renvoyer chez lui ou le recruter.\n\nQuand {PAWN_labelShort} aura quitté votre territoire sain et sauf, sa faction vous sera reconnaissante.</DownedPawnBecameGuest>
  <DownedPawnJoinedGroup>{PAWN_nameDef}, que vous avez sauvé, a rejoint le groupe d'invités de sa faction. Si {PAWN_pronoun} quitte votre territoire avec son groupe sain et sauf, leur faction vous en sera reconnaissante.</DownedPawnJoinedGroup>
  
  <LetterLabelHappyGuestJoins>{PAWN_labelShort} veut rester.</LetterLabelHappyGuestJoins>
  <HappyGuestJoins>{PAWN_labelShort} de {0} s'est entendu(e) avec {PAWN_possessive} faction qui le laisse vous rejoindre en tant qu'ambassadeur. Cela ne détériorera pas votre relation avec sa faction.\n\nVous avez le temps de considérer son recrutement (ou non) jusque'`a ce qu'il parte.</HappyGuestJoins>
  
  <GuestBoughtItem>Un membre de {0} a acheté {ITEM_label} pour {1} argent.</GuestBoughtItem>


  <!-- Communication -->
  <InviteGuests>Les inviter dans votre colonie ?</InviteGuests>
  <GuestsCantBeHostile>Ne peuvent être hostiles</GuestsCantBeHostile>
  <GuestsDontWantToCome>Ne sont pas intéressés de vous rendre visite</GuestsDontWantToCome>
  <GuestsAlreadyComing>Sont déjà en route et arriveront dans {0}</GuestsAlreadyComing>
  <GuestsOnTheirWay>Ils envoient une délégation. Ils devraient arriver dans {0}.</GuestsOnTheirWay>

  <!-- Tab -->
  <AreaToStay>Zone autorisée</AreaToStay>
  <AreaToBuy>Zone commerçante</AreaToBuy>
  <AreaNoShopping>Pas de shopping</AreaNoShopping>
  <AreaToStayTooltip>Quartier ou zone dans laquelle les invités sont autorisés à travailler, dormir, se reposer, errer... Vous pouvez configurer une zone dans laquelle ils seront confinés si vous subissez une attaque. Toutefois, cela ne les empêchera pas de partir s'ils le désirent…</AreaToStayTooltip>
  <AreaToBuyTooltip>Les invités peuvent acheter des articles dans cette zone. Vous pouvez vendre des objets si vous les incluez dans la zone commerçante qui doit obligatoirement se situer dans la zone autorisée.</AreaToBuyTooltip>
  <ConvincingLeft>Assurance requise</ConvincingLeft>

  <FriendsRequirement>Nombre d'ami(s) pour être recruté(ée) : {0}/{1}</FriendsRequirement>
  <RecruitmentPenalty>Coût du recrutement : {0} ({1} si forcé)</RecruitmentPenalty>
  <ImproveRelationship>Essayer de recevoir</ImproveRelationship>
  <ImproveTooltip>Vos colons diplomates vont tenter d'accroître l'humeur de vos invités. Les colons ayant un indice élevé dans "Sociabilité" auront plus de succès. Ceux avec un indice bas peuvent agacer et énerver l'invité.</ImproveTooltip>
  <TryRecruitTooltip>Vos colons diplomates vont tenter de se lier d'amitié avec les invités. Les colons ayant un indice élevé dans "Sociabilité" auront plus de succès. Ceux avec un indice bas peuvent agacer et énerver l'invité. Quand l'invité aura assez d'amis, il pourra être recruté et rejoindre votre colonie.</TryRecruitTooltip>

  <MakeFriends>Essayer de se lier d'amitié</MakeFriends>
  <LeaveAlone>Laisse tranquille</LeaveAlone>
  <FactionGoodwill>Bonne volonté entre les factions</FactionGoodwill>
  <FactionGoodwillTooltip>Points d'entente entre votre faction et celle de l'invité. Vous pouvez vérifier les points d'entente entre votre faction et celles du jeu dans l'onglet "Factions" de la barre des tâches principale.</FactionGoodwillTooltip>
  <Hospitality>Hospitalité</Hospitality>
  <MakeDefault>Définir par défaut</MakeDefault>

  <SendAway>Renvoyer...</SendAway>
  <SendAwayQuestion>Êtes-vous sûr de vouloir renvoyer les invités de {0} ?\nSi vous les renvoyez, cela n’aura aucun effet sur les relations.</SendAwayQuestion>
  <SendAwayTooltip>Renvoyer le groupe de cet invité.</SendAwayTooltip>

<Recruit>Recruter...</Recruit>
  <RecruitQuestion>Vous pouvez désormais recruter {PAWN_nameDef}.\n\nParce qu'{PAWN_pronoun} a assez d'amis, il vous en coûtera seulement {0} points de relation de faction.{1}\n\n\nÊtes-vous sûr de vouloir recruter ce invité ?</RecruitQuestion>

<ForceRecruit>Recrut. forcé...</ForceRecruit>
  <ForceRecruitQuestion>Vous pouvez immédiatement recruter {PAWN_nameDef}.\n\nParce qu'{PAWN_pronoun} n'a pas encore assez d'amis pour vous rejoindre, ils vous en coûtera {0} points de relation de faction. Ce coût pourrait être réduit si {PAWN_pronoun} avait plus d'amis. {1}\n\n\nÊtes-vous sûr de ne pas vouloir patienter?</ForceRecruitQuestion>
  <ForceRecruitWarning>\n\nCela les rendra immédiatement hostiles.</ForceRecruitWarning>

  <RecruitTooltip>Votre invité a assez d'amis dans votre colonie pour être enrôlé. Il vous en coûtera des points de "Bonne volonté" entre votre faction et la sienne.</RecruitTooltip>
  <MakeDefaultTooltip>Applique les règles présentes à l'ensemble des invités actuels et futurs.</MakeDefaultTooltip>
<ForceRecruitTooltip>Au lieu d'attendre que vos diplomates séduisent ces invités, vous pouvez les forcer de rester ici, mais cela dégradera grandement la relation entre sa faction et la vôtre.</ForceRecruitTooltip>


  <NotEnoughFriends>[PAWN_nameDef] n'aime pas assez vos colons (opinion > {0}).</NotEnoughFriends>
  <CanNowBeRecruited>[PAWN_nameDef] peut-être recruté(ée) maintenant.</CanNowBeRecruited>
  <IsATrader>[PAWN_nameDef] est membre d'une caravane et n'est pas un invité.</IsATrader>

  <!-- Main Tab -->
  <BedsFilled>Lits utilisés : {0}/{1}</BedsFilled>

  <!-- Infos -->
  <StatsReport_MissingFriends>Amis manquants</StatsReport_MissingFriends>
  <StatsReport_FinalAdjustment>Ajustement</StatsReport_FinalAdjustment>
  
  <!-- Bed -->
  <ForGuestUse>Pour invités seulement</ForGuestUse>
  <GuestBedFormat>invité {0}</GuestBedFormat>
  <CommandBedSetAsGuestLabel>Pour invités</CommandBedSetAsGuestLabel>
  <CommandBedSetAsGuestDesc>Lit réservé aux invités.</CommandBedSetAsGuestDesc>
  <FeeNone>Gratuit</FeeNone>
  <FeeAmount>{0} argent par nuit</FeeAmount>
  <CommandBedIncreaseFeeLabel>+{0}</CommandBedIncreaseFeeLabel>

  <CommandBedIncreaseFeeDesc>Hausser le prix de {0}. Les invités louant ce lit recevront une pénalité de 1 à leur humeur.</CommandBedIncreaseFeeDesc>
  <CommandBedDecreaseFeeLabel>-{0}</CommandBedDecreaseFeeLabel>
  <CommandBedDecreaseFeeDesc>Réduire le prix de {0}. Les invités louant ce lit recevront un bonus de 1 à leur humeur.</CommandBedDecreaseFeeDesc>

  
  <!-- Options -->
  <DisableVisitors>Désactiver les visiteurs</DisableVisitors>
  <DisableVisitorsDesc>Vous détestez les visiteurs et vous vous demandez pourquoi vous avez ce mod...</DisableVisitorsDesc>
  <DisableGuestsHelping>Désactiver l’aide des invités</DisableGuestsHelping>
  <DisableGuestsHelpingDesc>Les invités n’effectueront aucun travail dans votre colonie.</DisableGuestsHelpingDesc>
  <DisableArtAndCraft>Désactiver l'aide artistique et artisanale</DisableArtAndCraft>
  <DisableArtAndCraftDesc>Les invités n'effectueront pas de tâches artistiques ni artisanales.</DisableArtAndCraftDesc>
  <DisableOperations>Désactiver l'aide opératoire médicale</DisableOperations>
  <DisableOperationsDesc>Activée, les invités n'effectueront n'opéreront pas les patients.</DisableOperationsDesc>
  <DisableMedical>Désactiver l'aide médicale</DisableMedical>
  <DisableMedicalDesc>Activée, les invités ne promulgueront pas de soin.</DisableMedicalDesc>
  <DisableLimits>Désactiver les limites des options</DisableLimits>
  <DisableLimitsDesc>Activée, vous pouvez modifier et augmenter les paramètres recommandés pour un jeu équitable.</DisableLimitsDesc>
  <DisableGifts>Désactiver les cadeaux des invités.</DisableGifts>
  <DisableGiftsDesc>Une fois activée, les invités ne laisseront jamais de cadeaux quand ils seront contents.</DisableGiftsDesc>
  <MinGuestWorkSkill>Niveau minimal pour travailler</MinGuestWorkSkill>
  <MinGuestWorkSkillDesc>Niveau de compétence minimal dont un invité a besoin pour accomplir une tâche lorsqu’il aide. (recommandée: 7)</MinGuestWorkSkillDesc>
  <MaxGuestGroupSize>Taille maximale du groupe d’invités</MaxGuestGroupSize>
  <MaxGuestGroupSizeDesc>Taille maximale d’un groupe d’invités (recommandée: 16)</MaxGuestGroupSizeDesc>
  <MinGuestGroupSize>Taille minimale du groupe d’invités</MinGuestGroupSize>
  <MinGuestGroupSizeDesc>Taille minimale d’un groupe d’invités. (recommandée: 1)</MinGuestGroupSizeDesc>
  <DisableGuestsTab>Cacher l'onglet "Guests"</DisableGuestsTab>
  <DisableGuestsTabDesc>Cache l'onglet "Guests" de la barre principale du jeu.</DisableGuestsTabDesc>
  <EnableBuyNotification>Autoriser les notifications d'achats</EnableBuyNotification>
  <EnableBuyNotificationDesc>Affiche un message quad un invité réalise un achat. Peut-être revu dans l'onglet "Historique" -> Messages (montrer messages).</EnableBuyNotificationDesc>
  <EnableRecruitNotification>Autoriser les notifications "Assez d'amis"</EnableRecruitNotification>
  <EnableRecruitNotificationDesc>Affiche un message lorsqu'un invité a suffisamment d'amis pour le recruter.</EnableRecruitNotificationDesc>
  
</LanguageData>