﻿<?xml version="1.0" encoding="utf-8"?>
<LanguageData>

  <GuestPaidFee.stages.0.label>musiał uiścić opłatę</GuestPaidFee.stages.0.label>
  <GuestPaidFee.stages.0.description>Musiałem uiścić opłatę za pobyt tutaj.</GuestPaidFee.stages.0.description>

  <GuestAngered.stages.0.label>rozgniewany rekrutacją</GuestAngered.stages.0.label>
  <GuestAngered.stages.0.description>Oni próbują ukraść naszych członków!</GuestAngered.stages.0.description>

  <GuestRecruitmentForced.stages.0.label>mimowolnie zatrudniony</GuestRecruitmentForced.stages.0.label>
  <GuestRecruitmentForced.stages.0.description>Nie jestem pewien, czy powinienem tu być.</GuestRecruitmentForced.stages.0.description>

  <GuestOffendedRelationship.stages.0.label>obrażony przez kolonistę</GuestOffendedRelationship.stages.0.label>
  <GuestOffendedRelationship.stages.0.labelSocial>obraził mnie</GuestOffendedRelationship.stages.0.labelSocial>
  <GuestOffendedRelationship.stages.0.description>Oni są przegrani!</GuestOffendedRelationship.stages.0.description>

  <GuestPleasedRelationship.stages.0.label>charmed by colonist</GuestPleasedRelationship.stages.0.label>
  <GuestPleasedRelationship.stages.0.labelSocial>oczarował mnie</GuestPleasedRelationship.stages.0.labelSocial>
  <GuestPleasedRelationship.stages.0.description>Tacy mili ludzie!</GuestPleasedRelationship.stages.0.description>

  <EndorsedByRecruiter.stages.0.label>zatwierdzony przez rekrutera</EndorsedByRecruiter.stages.0.label>
  <EndorsedByRecruiter.stages.0.labelSocial>został poparty dla mnie</EndorsedByRecruiter.stages.0.labelSocial>
  <EndorsedByRecruiter.stages.0.description>Ta osoba została mi polecona.</EndorsedByRecruiter.stages.0.description>

  <GuestDismissiveAttitude.stages.0.label>zmęczony gadaniem</GuestDismissiveAttitude.stages.0.label>
  <GuestDismissiveAttitude.stages.0.description>Skończyłem już rozmawiać. Zostaw mnie w spokoju.</GuestDismissiveAttitude.stages.0.description>


</LanguageData>