﻿<?xml version="1.0" encoding="utf-8"?>
<LanguageData>

  <GuestCantAffordBed.stages.0.label>nie stać mnie na łóżko</GuestCantAffordBed.stages.0.label>
  <GuestCantAffordBed.stages.0.description>Nie stać mnie na jedno z bezpłatnych łóżek.</GuestCantAffordBed.stages.0.description>

  <GuestBedCount.stages.0.label>brak łóżek dla gości</GuestBedCount.stages.0.label>
  <GuestBedCount.stages.0.description>Nie mają tu nawet łóżek.</GuestBedCount.stages.0.description>
  <GuestBedCount.stages.1.label>za mało łóżek dla gości</GuestBedCount.stages.1.label>
  <GuestBedCount.stages.1.description>Powinno być więcej łóżek dla gości.</GuestBedCount.stages.1.description>
  <GuestBedCount.stages.2.label>wystarczająca liczba łóżek</GuestBedCount.stages.2.label>
  <GuestBedCount.stages.2.description>W naszym pokoju jest wystarczająco dużo łóżek dla nas wszystkich.</GuestBedCount.stages.2.description>
  <GuestBedCount.stages.3.label>dużo łóżek</GuestBedCount.stages.3.label>
  <GuestBedCount.stages.3.description>Wow, tyle łóżek!</GuestBedCount.stages.3.description>


</LanguageData>