﻿<?xml version="1.0" encoding="utf-8"?>
<LanguageData>

  <!-- Recruiting -->
  <RecruitAngerMultiple>{0} chateado {1} {2}x em uma linha.</RecruitAngerMultiple>
  <RecruitAngerOther>{3} notado {0} tentar recrutar {1} e ficar ofendido ({2} chance).</RecruitAngerOther>
  <RecruitFactionAnger>{0} de {1} está chateado com você por recrutar {2} ({3}).</RecruitFactionAnger>
  <RecruitFactionAngerLeaderless>Os membros de {0} nunca ouviram falar de sua delegação ({2}).</RecruitFactionAngerLeaderless>
  <LostGroupFactionAnger>{0}de {1} nunca ouvi falar desta delegação ({2}).</LostGroupFactionAnger>
  <LostGroupFactionAngerLeaderless>Os membros do {0} estão chateados com você por recrutar {({1}).</LostGroupFactionAngerLeaderless>
  <RecruitFactionPlease>{0} de {1} está feliz por ter tirado {2} das mãos dele ({3}).</RecruitFactionPlease>
  <RecruitFactionPleaseLeaderless>Os membros de {0} estão contentes que você tirou {1} de suas mãos ({2}).</RecruitFactionPleaseLeaderless>
  <MessageGuestRecruitSuccess>{0} felizmente decidiu se juntar a sua colônia!</MessageGuestRecruitSuccess>
  <LetterLabelRecruitFactionChiefAnger>Chefe irritado</LetterLabelRecruitFactionChiefAnger>
  <LetterLabelRecruitFactionAnger>Facção irritada</LetterLabelRecruitFactionAnger>
  <LetterLabelRecruitFactionChiefPlease>Chefe satisfeito</LetterLabelRecruitFactionChiefPlease>
  <LetterLabelRecruitFactionPlease>Facção satisfeita</LetterLabelRecruitFactionPlease>

  <TextMote_CharmFail>Ofendido</TextMote_CharmFail>
  <TextMote_CharmSuccess>Encantado</TextMote_CharmSuccess>

  <!-- Diplomacy -->
  <ImproveFactionPlease>{0} melhorou o relacionamento entre {4} e {1} de {2} ({3} chance).</ImproveFactionPlease>
  <ImproveFactionAnger>{0} piorou o relacionamento com {1} de {2} ({3} chance).</ImproveFactionAnger>

  <!-- Incident Results -->
  <VisitorsLeavingGreat>Eles estão absolutamente espantados com a sua hospitalidade! (Score: {1})</VisitorsLeavingGreat>
  <VisitorsLeavingGood>Eles realmente apreciamos a sua estadia! (Score: {1})</VisitorsLeavingGood>
  <VisitorsLeavingNormal>A estadia deles foi boa. (Score: {1})</VisitorsLeavingNormal>
  <VisitorsLeavingBad>Eles esperavam mais de você. (Score: {1})</VisitorsLeavingBad>
  <VisitorsLeavingAwful>Eles foram muito desapontados por sua estadia. (Score: {1})</VisitorsLeavingAwful>
  <VisitorSatisfied>{0} gostei {1} ficar. {2} deixou você {3}.</VisitorSatisfied>
  <VisitorVerySatisfied>{0} absolutamente gostei {1} ficar. {2} deixou você {3}.</VisitorVerySatisfied>
  <MessageVisitorsLeavingCold>Os visitantes de {0} estão saindo novamente porque está muito frio.</MessageVisitorsLeavingCold>
  <VisitorsSentAway>Você os mandou embora.</VisitorsSentAway>

  <VisitorsReturnSoon>Eles vão visitar novamente em poucos dias.</VisitorsReturnSoon>
  <VisitorsReturnWhile>Eles vão visitar novamente em um tempo.</VisitorsReturnWhile>
  <VisitorsReturnNotSoon>Eles não voltarão tão cedo.</VisitorsReturnNotSoon>
  <VisitorsReturnNot>Eles já tiveram o bastante de você.</VisitorsReturnNot>

  <VisitorsArrivedTitle>Visitantes chegaram em {0} (from {1})</VisitorsArrivedTitle>
  <VisitorsArrivedDesc>Eles têm medo de entrar em seu território pelos seguintes motivos:\n{1}\n\nSe você os mandar embora, eles permanecerão na área e voltarão mais tarde.</VisitorsArrivedDesc>
  <VisitorsArrivedAccept>Garantir a segurança</VisitorsArrivedAccept>
  <VisitorsArrivedRefuse>Mandar embora</VisitorsArrivedRefuse>
  <VisitorsArrivedRefuseUntilBeds>Recusar os visitantes até que eu tenha camas de hóspedes</VisitorsArrivedRefuseUntilBeds>
  <VisitorsArrivedReasonNoBeds>Sem camas de hóspedes</VisitorsArrivedReasonNoBeds>

  <!-- Communication -->
  <InviteGuests>Convide para uma visita</InviteGuests>
  <GuestsCantBeHostile>não pode ser hostil</GuestsCantBeHostile>
  <GuestsDontWantToCome>atualmente não está interessado em visitá-lo</GuestsDontWantToCome>
  <GuestsAlreadyComing>já estão a caminho e chegarão em {0}</GuestsAlreadyComing>
  <GuestsOnTheirWay>Eles estão enviando uma delegação. Espera que cheguem em {0}.</GuestsOnTheirWay>

  <!-- Tab -->
  <AreaToStay>Área de alojamento</AreaToStay>
  <AreaToBuy>Área de compras</AreaToBuy>
  <AreaNoShopping>Sem compras</AreaNoShopping>
  <AreaToStayTooltip>É aqui que os hóspedes podem dormir e sair.</AreaToStayTooltip>
  <AreaToBuyTooltip>Os hóspedes podem comprar itens nesta zona. Tem que estar dentro da área de hospedagem.</AreaToBuyTooltip>
  <ConvincingLeft>Convincente requerido</ConvincingLeft>
  <FriendsRequirement>Bastantes amigos para recrutar: {0}/{1}</FriendsRequirement>
  <RecruitmentPenalty>Danos de relacionamento quando recrutados</RecruitmentPenalty>
  <ImproveRelationship>Tente entreter</ImproveRelationship>
  <LeaveAlone>Deixe em paz</LeaveAlone>
  <FactionGoodwill>Boa vontade da facção</FactionGoodwill>
  <Hospitality>Hospitalidade</Hospitality>
  <MakeDefault>Tornar padrão</MakeDefault>
  <SendAway>Mandar embora</SendAway>
  <SendAwayQuestion>Tem certeza de que deseja enviar os visitantes de {0} para fora?\nSe você os enviar imediatamente após a exibição, isso não afetará as relações.</SendAwayQuestion>
  <NotEnoughFriends>[PAWN_nameDef] não gosta o suficiente de seus colonos (opinion > {0}).</NotEnoughFriends>
  <CanNowBeRecruited>[PAWN_nameDef] agora pode ser recrutado.</CanNowBeRecruited>
  <IsATrader>[PAWN_nameDef] faz parte de uma caravana comercial e não é um convidado.</IsATrader>

  <!-- Infos -->
  <StatsReport_FinalAdjustment>Ajustes</StatsReport_FinalAdjustment>

  <!-- Bed -->
  <ForGuestUse>Para uso dos hóspedes</ForGuestUse>
  <GuestBedFormat>convidado {0}</GuestBedFormat>
  <CommandBedSetAsGuestLabel>Para os hóspedes</CommandBedSetAsGuestLabel>
  <CommandBedSetAsGuestDesc>Se esta cama é para os hóspedes.</CommandBedSetAsGuestDesc>

  <!-- Options -->
  <DisableLimits>Desativar limites de opção</DisableLimits>
  <DisableLimitsDesc>Quando esta opção está ativada, você pode ajustar as configurações além do recomendado para um jogo justo.</DisableLimitsDesc>
  <DisableVisitors>Desativar visitantes</DisableVisitors>
  <DisableVisitorsDesc>Você realmente odeia os visitantes e se pergunta por que você tem esse mod.</DisableVisitorsDesc>
  <DisableGuestsHelping>Desativar ajuda dos hóspedes</DisableGuestsHelping>
  <DisableGuestsHelpingDesc>Quando marcada, os convidados não realizarão nenhum trabalho em sua colônia.</DisableGuestsHelpingDesc>
  <DisableArtAndCraft>Desativar ajuda dos hóspedes com arte e artesanato</DisableArtAndCraft>
  <DisableArtAndCraftDesc>Quando marcada, os convidados não realizarão nenhuma tarefa artística ou de artesanato.</DisableArtAndCraftDesc>
  <DisableGifts>Desativar convidados deixando presentes</DisableGifts>
  <DisableGiftsDesc>Quando marcada, os convidados nunca deixarão itens para trás quando estiverem satisfeitos.</DisableGiftsDesc>
  <MinGuestWorkSkill>Habilidade mínima para o trabalho</MinGuestWorkSkill>
  <MinGuestWorkSkillDesc>A habilidade mínima que um convidado precisa para executar uma tarefa ao ajudar. (recomendado: 7)</MinGuestWorkSkillDesc>
  <MaxGuestGroupSize>Tamanho máximo do grupo de hóspedes</MaxGuestGroupSize>
  <MaxGuestGroupSizeDesc>Tamanho máximo do grupo de hóspedes pode aparecer. (Recomendado: 16)</MaxGuestGroupSizeDesc>

</LanguageData>