﻿<?xml version="1.0" encoding="utf-8"?>
<LanguageData>

  <GuestDiplomacy.label>melhorar o relacionamento</GuestDiplomacy.label>
  <GuestDiplomacy.logRulesInitiator.rulesStrings.0>r_logentry->[INITIATOR_nameDef] fez conversa diplomática com [RECIPIENT_nameDef] sobre [TalkTopicLight].</GuestDiplomacy.logRulesInitiator.rulesStrings.0>
  <GuestDiplomacy.logRulesInitiator.rulesStrings.1>r_logentry->[INITIATOR_nameDef] discutiu a relevância política de [subject] com [RECIPIENT_nameDef].</GuestDiplomacy.logRulesInitiator.rulesStrings.1>
  <GuestDiplomacy.logRulesInitiator.rulesStrings.2>r_logentry->[INITIATOR_nameDef] [complimented] [RECIPIENT_nameDef]'s [PersonalCharacteristic].</GuestDiplomacy.logRulesInitiator.rulesStrings.2>
  <GuestDiplomacy.logRulesInitiator.rulesStrings.3>r_logentry->[INITIATOR_nameDef] [complimented] [RECIPIENT_nameDef]'s faction.</GuestDiplomacy.logRulesInitiator.rulesStrings.3>
  <GuestDiplomacy.logRulesInitiator.rulesStrings.4>r_logentry->[INITIATOR_nameDef] [complimented] a relação com [RECIPIENT_factionName].</GuestDiplomacy.logRulesInitiator.rulesStrings.4>
  <GuestDiplomacy.logRulesInitiator.rulesStrings.5>r_logentry->[INITIATOR_nameDef] deu respeito a [RECIPIENT_nameDef]'s [PersonFamily].</GuestDiplomacy.logRulesInitiator.rulesStrings.5>
  <GuestDiplomacy.logRulesInitiator.rulesStrings.6>r_logentry->[INITIATOR_nameDef] tentou se relacionar com [RECIPIENT_nameDef] sobre sua compartilhada [opinion].</GuestDiplomacy.logRulesInitiator.rulesStrings.6>
  <GuestDiplomacy.logRulesInitiator.rulesStrings.7>opinion->apoio de [ConceptPositive]</GuestDiplomacy.logRulesInitiator.rulesStrings.7>
  <GuestDiplomacy.logRulesInitiator.rulesStrings.8>opinion->repugnância por [ConceptNegative]</GuestDiplomacy.logRulesInitiator.rulesStrings.8>
  <GuestDiplomacy.logRulesInitiator.rulesStrings.9>opinion->medo de [ConceptNegative]</GuestDiplomacy.logRulesInitiator.rulesStrings.9>
  <GuestDiplomacy.logRulesInitiator.rulesStrings.10>opinion->opinião sobre [ConceptAny]</GuestDiplomacy.logRulesInitiator.rulesStrings.10>
  <GuestDiplomacy.logRulesInitiator.rulesStrings.11>opinion->anseio por [ConceptPositive]</GuestDiplomacy.logRulesInitiator.rulesStrings.11>
  <GuestDiplomacy.logRulesInitiator.rulesStrings.12>complimented->louvado</GuestDiplomacy.logRulesInitiator.rulesStrings.12>
  <GuestDiplomacy.logRulesInitiator.rulesStrings.13>complimented->elogiado</GuestDiplomacy.logRulesInitiator.rulesStrings.13>
  <GuestDiplomacy.logRulesInitiator.rulesStrings.14>complimented->elogiado</GuestDiplomacy.logRulesInitiator.rulesStrings.14>
  <GuestDiplomacy.logRulesInitiator.rulesStrings.15>complimented->aplaudido</GuestDiplomacy.logRulesInitiator.rulesStrings.15>
  <GuestDiplomacy.logRulesInitiator.rulesStrings.16>complimented->celebrado</GuestDiplomacy.logRulesInitiator.rulesStrings.16>

  <CharmGuestAttempt.label>tentativa de charme</CharmGuestAttempt.label>
  <CharmGuestAttempt.logRulesInitiator.rulesStrings.0>r_logentry->[INITIATOR_nameDef] [saidwords] [RECIPIENT_nameDef].</CharmGuestAttempt.logRulesInitiator.rulesStrings.0>
  <CharmGuestAttempt.logRulesInitiator.rulesStrings.1>r_logentry->[INITIATOR_nameDef] contou [RECIPIENT_nameDef] sobre todo o [ConceptPositive] a [INITIATOR_factionName].</CharmGuestAttempt.logRulesInitiator.rulesStrings.1>
  <CharmGuestAttempt.logRulesInitiator.rulesStrings.2>r_logentry->[INITIATOR_nameDef] contou [RECIPIENT_nameDef] [adjwords] coisas sobre outros colonos.</CharmGuestAttempt.logRulesInitiator.rulesStrings.2>
  <CharmGuestAttempt.logRulesInitiator.rulesStrings.3>r_logentry->[INITIATOR_nameDef] introduzido [RECIPIENT_nameDef] para outro colono.</CharmGuestAttempt.logRulesInitiator.rulesStrings.3>
  <CharmGuestAttempt.logRulesInitiator.rulesStrings.4>saidwords->falou [adjwords] palavras para</CharmGuestAttempt.logRulesInitiator.rulesStrings.4>
  <CharmGuestAttempt.logRulesInitiator.rulesStrings.5>saidwords->expresso [ConceptPositive] para</CharmGuestAttempt.logRulesInitiator.rulesStrings.5>
  <CharmGuestAttempt.logRulesInitiator.rulesStrings.6>saidwords->fez [adjwords] gestos para</CharmGuestAttempt.logRulesInitiator.rulesStrings.6>
  <CharmGuestAttempt.logRulesInitiator.rulesStrings.7>adjwords->intrigante</CharmGuestAttempt.logRulesInitiator.rulesStrings.7>
  <CharmGuestAttempt.logRulesInitiator.rulesStrings.8>adjwords->tipo</CharmGuestAttempt.logRulesInitiator.rulesStrings.8>
  <CharmGuestAttempt.logRulesInitiator.rulesStrings.9>adjwords->convidando</CharmGuestAttempt.logRulesInitiator.rulesStrings.9>
  <CharmGuestAttempt.logRulesInitiator.rulesStrings.10>adjwords->amigável</CharmGuestAttempt.logRulesInitiator.rulesStrings.10>
  <CharmGuestAttempt.logRulesInitiator.rulesStrings.11>adjwords->encantador</CharmGuestAttempt.logRulesInitiator.rulesStrings.11>


</LanguageData>