﻿<?xml version="1.0" encoding="utf-8"?>
<LanguageData>

  <!-- Concepts taught through the learning readout, when opportunities arise -->

  <GuestBeds.label>Cama de hóspedes</GuestBeds.label>
  <GuestBeds.helpText>Os visitantes preferem dormir em camas.\n\nVocê pode converter camas em camas de hóspedes usando o botão "Para convidados".</GuestBeds.helpText>

  <RecruitGuest.label>Recrutando convidados</RecruitGuest.label>
  <RecruitGuest.helpText>Você pode recrutar convidados.\n\nRecrutar um convidado vai custar-lhe boa vontade com a facção do hóspede. Certifique-se de ter um colono com boas habilidades sociais designado para negociação.</RecruitGuest.helpText>

  <GuestWork.label>Os hóspedes ajudam</GuestWork.label>
  <GuestWork.helpText>Convidados felizes ajudarão com o trabalho dentro de sua área se eles forem habilidosos o suficiente. Você pode desabilitar isso ou aumentar a habilidade necessária nas opções mod.</GuestWork.helpText>


</LanguageData>