﻿<?xml version="1.0" encoding="utf-8"?>
<LanguageData>

  <!-- Recruiting -->
  <RecruitAngerMultiple>{0} 在一次争吵中激怒了 {1} x{2} 。</RecruitAngerMultiple>
  <RecruitAngerOther>{3} 注意到 {0} 试图招募 {1} 而被触怒了。（{2}机率）</RecruitAngerOther>
  <RecruitFactionAnger>{1} 的 {0} 对於你招募 {2} 的行为感到愤怒。（{3}）</RecruitFactionAnger>
  <RecruitFactionAngerLeaderless>{0} 的成员对你招募 {1} 的行为感到愤怒。（{2}）</RecruitFactionAngerLeaderless>
  <RecruitFactionPlease>{1} 的 {0} 很乐意你把 {2} 招募走。（{3}）</RecruitFactionPlease>
  <RecruitFactionPleaseLeaderless>{0} 的成员很乐意你将 {1} 招募走。（{2}）</RecruitFactionPleaseLeaderless>
  <MessageGuestRecruitSuccess>{0} 欣然决定加入你的殖民地！</MessageGuestRecruitSuccess>
  <LetterLabelRecruitFactionChiefAnger>首领的愤怒</LetterLabelRecruitFactionChiefAnger>
  <LetterLabelRecruitFactionAnger>派系的愤怒</LetterLabelRecruitFactionAnger>
  <LetterLabelRecruitFactionChiefPlease>首领的感谢</LetterLabelRecruitFactionChiefPlease>
  <LetterLabelRecruitFactionPlease>派系的感谢</LetterLabelRecruitFactionPlease>

  <TextMote_CharmFail>冒犯</TextMote_CharmFail>
  <TextMote_CharmSuccess>说服</TextMote_CharmSuccess>

  <!-- Diplomacy -->
  <ImproveFactionPlease>{0} 改善了 {4} 与 {1} （来自 {2}）的关系。（{3}机率）</ImproveFactionPlease>
  <ImproveFactionAnger>{0} 恶化了与  {1} （来自 {2}）的关系。（{3}机率）</ImproveFactionAnger>

  <!-- Incident Results -->
  <VisitorsLeavingGreat>他们对此地的热情好客称赞不已！（评分：{1}）</VisitorsLeavingGreat>
  <VisitorsLeavingGood>他们享受了停留此地的时光。（评分：{1}）</VisitorsLeavingGood>
  <VisitorsLeavingNormal>他们此次停留还算不错。（评分：{1}）</VisitorsLeavingNormal>
  <VisitorsLeavingBad>他们希望你能做的更好些。（评分：{1}）</VisitorsLeavingBad>
  <VisitorsLeavingAwful>他们对此次停留感到极其失望。（评分：{1}）</VisitorsLeavingAwful>
  <VisitorSatisfied>{0} 享受了停留 {1} 的时光。{2}送了一些东西给你： {3}。</VisitorSatisfied>
  <VisitorVerySatisfied>{0} 非常享受停留 {1} 的时光。{2}送了一些东西给你： {3}。</VisitorVerySatisfied>
  <MessageVisitorsLeavingCold>由于过于寒冷，来自 {0} 的访客离开了。</MessageVisitorsLeavingCold>
  <VisitorsSentAway>你已经把访客送走了。</VisitorsSentAway>

  <VisitorsReturnSoon>他们将在几天后再次来访。</VisitorsReturnSoon>
  <VisitorsReturnWhile>他们将在一段时间后再次来访。</VisitorsReturnWhile>
  <VisitorsReturnNotSoon>近期内他们不会再来了。</VisitorsReturnNotSoon>
  <VisitorsReturnNot>他们已经受够了你。</VisitorsReturnNot>

  <VisitorsArrivedTitle>来自{0}的访客已到达</VisitorsArrivedTitle>
  <VisitorsArrivedDesc>由于以下原因，他们害怕进入你的领地：\n{1}\n\n如果你送他们离开，他们会稍作停留然后返回。</VisitorsArrivedDesc>
  <VisitorsArrivedAccept>确保安全</VisitorsArrivedAccept>
  <VisitorsArrivedRefuse>送离</VisitorsArrivedRefuse>

  <!-- Tab -->
  <ConvincingLeft>说服难度</ConvincingLeft>
  <FriendsRequirement>可进行招募的朋友人数： {0}/{1}</FriendsRequirement>
  <RecruitmentPenalty>招募后对友好度的损害</RecruitmentPenalty>
  <ImproveRelationship>尝试款待</ImproveRelationship>
  <LeaveAlone>不打扰</LeaveAlone>
  <MayBuy>允许在区域内购买物品</MayBuy>
  <FactionGoodwill>派系友好度</FactionGoodwill>
  <Hospitality>款待</Hospitality>
  <MakeDefault>设为默认</MakeDefault>
  <SendAway>送走</SendAway>
  <SendAwayQuestion>你确定要把来自 {0} 的访客送走吗？</SendAwayQuestion>
  <NotEnoughFriends>NAME 不是很喜欢你的殖民者(看法 &gt; {0})。</NotEnoughFriends>
  <CanNowBeRecruited>NAME 现在可以被招募了。</CanNowBeRecruited>
  <IsATrader>NAME 是贸易远行队的成员，而不是访客。</IsATrader>

  <!-- Infos -->
  <StatsReport_FinalAdjustment>调整</StatsReport_FinalAdjustment>

  <!-- Bed -->
  <ForGuestUse>访客专用</ForGuestUse>
  <GuestBedFormat>访客 {0}</GuestBedFormat>
  <CommandBedSetAsGuestLabel>访客专用</CommandBedSetAsGuestLabel>
  <CommandBedSetAsGuestDesc>这张床是否给访客使用。</CommandBedSetAsGuestDesc>

  <!-- Rescue -->
  <RescuedInitial>名叫 NAME 的 {0} 十分感谢你的援救，并且愿意留在你的殖民地。\n\nHIS特性： {1}。</RescuedInitial>
  <RescuedInitial_Accept>接受</RescuedInitial_Accept>
  <RescuedInitial_Reject>拒绝</RescuedInitial_Reject>

  <!-- Wanderer -->
  <WandererInitial>来自 {0} 叫 NAME 的流浪者路过附近，并发现你需要人手。HECAP想加入你的殖民地。\n\nHECAP是一名 {1}，HIS特性： {2}。</WandererInitial>

</LanguageData>