﻿<?xml version="1.0" encoding="utf-8" ?>
<LanguageData>

  <!-- Recruiting -->
  <RecruitAngerMultiple>{0} расстроил {1} {2}x подряд.</RecruitAngerMultiple>
  <RecruitAngerOther>{3} заметил, как {0} пытается завербовать {1} и обиделся ({2} шанс).</RecruitAngerOther>
  <RecruitFactionAnger>{0} из {1} расстроены из-за вашей вербовки {2} ({3}).</RecruitFactionAnger>
  <RecruitFactionAngerLeaderless>The members of {0} are upset with you for recruiting {1} ({2}).</RecruitFactionAngerLeaderless>
  <RecruitFactionPlease>{0} из {1} рад, что вы взяли {2} к себе ({3}).</RecruitFactionPlease>
  <RecruitFactionPleaseLeaderless>Члены {0} рады, что вы забрали у них {1} ({2}).</RecruitFactionPleaseLeaderless>
  <MessageGuestRecruitSuccess>{0} с радостью решил присоединиться к вашей колонии!</MessageGuestRecruitSuccess>
  <LetterLabelRecruitFactionChiefAnger>Вождь возмущен</LetterLabelRecruitFactionChiefAnger>
  <LetterLabelRecruitFactionAnger>Фракция возмущёна</LetterLabelRecruitFactionAnger>
  <LetterLabelRecruitFactionChiefPlease>Вождь доволен</LetterLabelRecruitFactionChiefPlease>
  <LetterLabelRecruitFactionPlease>Фракция довольна</LetterLabelRecruitFactionPlease>
  
  <TextMote_CharmFail>Обиженный</TextMote_CharmFail>
  <TextMote_CharmSuccess>Очарованный</TextMote_CharmSuccess>
  
  <!-- Diplomacy -->
  <ImproveFactionPlease>{0} улучшил отношения с {1} из {2} ({3} шанс).</ImproveFactionPlease>
  <ImproveFactionAnger>{0} ухудшил отношения с {1} из {2} ({3} шанс).</ImproveFactionAnger>

  <!-- Incident Results --> 
  <VisitorsLeavingGreat>Гости из {0} уходят. Они удивлены вашим гостеприимством! (Оценка: {1})</VisitorsLeavingGreat> 
  <VisitorsLeavingGood>Гости из {0} уходят. Им понравилось у Вас. (Оценка: {1})</VisitorsLeavingGood> 
  <VisitorsLeavingNormal>Гости из {0} уходят. Они признательны за ваше гостеприимство.</VisitorsLeavingNormal> 
  <VisitorsLeavingBad>Гости из {0} уходят. Им у Вас не понравилось. (Оценка: {1})</VisitorsLeavingBad> 
  <VisitorsLeavingAwful>Гости из {0} уходят. Они больше никогда не захотят посетить Вас вновь. (Оценка: {1})</VisitorsLeavingAwful> 
  <VisitorSatisfied>{0} доволен гостеприимством. {2} оставляет вам {3}.</VisitorSatisfied>
  <VisitorVerySatisfied>{0} очень доволен {1} гостеприимством. {2} оставляет вам {3}.</VisitorVerySatisfied>
  <MessageVisitorsLeavingCold>Гости из {0} уходят, потому что очень замерзли.</MessageVisitorsLeavingCold>
  <VisitorsSentAway>Вы прогнали их.</VisitorsSentAway>

  <MessageMissingPawnFactionAnger>Один участник из фракции "{0}" бесследно пропал на Вашей территории! ({2})</MessageMissingPawnFactionAnger>
  <MessageMissingPawnsFactionAnger>{1} участников фракции "{0}" пропали на Вашей территории! ({2})</MessageMissingPawnsFactionAnger>
  <MessageKilledPawnFactionAnger>Фракция "{0}" узнала о том, что случилось с {1} и обвиняет Вас за это. ({2})</MessageKilledPawnFactionAnger>
  <LetterLabelMissingPawnsFactionAnger>Вождь в ярости</LetterLabelMissingPawnsFactionAnger>

  <VisitorsReturnSoon>Они снова посетят вас в ближайшие дни.</VisitorsReturnSoon>
  <VisitorsReturnWhile>Они скоро сново посетят вас.</VisitorsReturnWhile>
  <VisitorsReturnNotSoon>Они не вернутся в ближайшем будущем.</VisitorsReturnNotSoon>
  <VisitorsReturnNot>Им хватило вас.</VisitorsReturnNot>

  
  <!-- Tab -->
  <ConvincingLeft>Требуется убеждение</ConvincingLeft>
  <RecruitmentChance>Шанс вербовки</RecruitmentChance>
  <RecruitmentPenalty>Ухудшение отношений от вербовки</RecruitmentPenalty>
  <ImproveRelationship>Попытаться улучшить отношения</ImproveRelationship>
  <LeaveAlone>Оставить в покое</LeaveAlone>
  <MayBuy>Разрешить покупать предметы в области</MayBuy>
  <FactionGoodwill>Текущие отношения с фракцией</FactionGoodwill>
  <Hospitality>Довольство от гостеприимства</Hospitality>
  <MakeDefault>Установить по умолчанию</MakeDefault>
  <SendAway>Выгнать</SendAway>
  <SendAwayQuestion>Вы уверены, что хотите послать посетителей из {0} прочь?</SendAwayQuestion>
  <NotEnoughFriends>NAME недостаточно нравятся ваши колонисты (мнение > {0}).</NotEnoughFriends>
  <CanNowBeRecruited>NAME теперь может быть завербован.</CanNowBeRecruited>
  <IsATrader>NAME - часть торгового каравана и не является гость.</IsATrader>

  <!-- Infos -->
  <StatsReport_FinalAdjustment>Исправить</StatsReport_FinalAdjustment>

  <!-- Bed -->
  <ForGuestUse>Для использования гостями</ForGuestUse>
  
  <!-- Rescue -->
  <RescuedInitial>Фракция {0} очень благодарна за спасение NAME и HE очень хочет остаться у Вас.\n\nHECAP - {1}.</RescuedInitial>
  <RescuedInitial_Accept>Принять HIS</RescuedInitial_Accept>
  <RescuedInitial_Reject>Отослать HIS обратно</RescuedInitial_Reject>
  
  <!-- Wanderer -->
  <WandererInitial>NAME с {0} бродил поблизости и заметил, что вы нуждаетесь в помоще. HECAP хотел бы присоединиться к вашей колонии на некоторое время.\n\nHECAP {1} и HIS черты характера {2}.</WandererInitial>
  
</LanguageData>