﻿<?xml version="1.0" encoding="utf-8" ?>
<!--suppress ALL -->
<LanguageData>
	
	<CharmGuest.reportString>Попытка TargetA оставить в колонии.</CharmGuest.reportString>
	<GuestImproveRelationship.reportString>Пытается улучшить отношения с TargetA и его фракцией.</GuestImproveRelationship.reportString>
	<BuyItem.reportString>Проверяет TargetA.</BuyItem.reportString>
	<BrowseItems.reportString>Проверяет TargetA.</BrowseItems.reportString>

</LanguageData>
