﻿<?xml version="1.0" encoding="utf-8"?>
<LanguageData>

  <Sentence_CharmAttemptAccepted.rulePack.rulesStrings.0>sent->[RECIPIENT_nameDef] clapped [RECIPIENT_possessive] hands excitedly.</Sentence_CharmAttemptAccepted.rulePack.rulesStrings.0>
  <Sentence_CharmAttemptAccepted.rulePack.rulesStrings.1>sent->[RECIPIENT_nameDef] smiled.</Sentence_CharmAttemptAccepted.rulePack.rulesStrings.1>
  <Sentence_CharmAttemptAccepted.rulePack.rulesStrings.2>sent->[RECIPIENT_nameDef] nodded in agreement.</Sentence_CharmAttemptAccepted.rulePack.rulesStrings.2>
  <Sentence_CharmAttemptAccepted.rulePack.rulesStrings.3>sent->[RECIPIENT_nameDef] was eager to hear more.</Sentence_CharmAttemptAccepted.rulePack.rulesStrings.3>
  <Sentence_CharmAttemptAccepted.rulePack.rulesStrings.4>sent->[RECIPIENT_nameDef] looked excited.</Sentence_CharmAttemptAccepted.rulePack.rulesStrings.4>
  <Sentence_CharmAttemptAccepted.rulePack.rulesStrings.5>sent->[RECIPIENT_nameDef] looked flattered.</Sentence_CharmAttemptAccepted.rulePack.rulesStrings.5>
  <Sentence_CharmAttemptAccepted.rulePack.rulesStrings.6>sent->[RECIPIENT_nameDef] stared at [INITIATOR_nameDef] in amazement.</Sentence_CharmAttemptAccepted.rulePack.rulesStrings.6>

  <Sentence_CharmAttemptRejected.rulePack.rulesStrings.0>sent->[RECIPIENT_nameDef] was getting annoyed.</Sentence_CharmAttemptRejected.rulePack.rulesStrings.0>
  <Sentence_CharmAttemptRejected.rulePack.rulesStrings.1>sent->[RECIPIENT_nameDef] disapprovingly shook [RECIPIENT_possessive] head.</Sentence_CharmAttemptRejected.rulePack.rulesStrings.1>
  <Sentence_CharmAttemptRejected.rulePack.rulesStrings.2>sent->[RECIPIENT_nameDef] could not care less.</Sentence_CharmAttemptRejected.rulePack.rulesStrings.2>
  <Sentence_CharmAttemptRejected.rulePack.rulesStrings.3>sent->[RECIPIENT_nameDef] already had enough of it.</Sentence_CharmAttemptRejected.rulePack.rulesStrings.3>
  <Sentence_CharmAttemptRejected.rulePack.rulesStrings.4>sent->[RECIPIENT_nameDef] looked around the room in boredom.</Sentence_CharmAttemptRejected.rulePack.rulesStrings.4>
  <Sentence_CharmAttemptRejected.rulePack.rulesStrings.5>sent->[RECIPIENT_nameDef] mentioned leaving soon.</Sentence_CharmAttemptRejected.rulePack.rulesStrings.5>
  <Sentence_CharmAttemptRejected.rulePack.rulesStrings.6>sent->[RECIPIENT_nameDef] rolled [RECIPIENT_possessive] eyes.</Sentence_CharmAttemptRejected.rulePack.rulesStrings.6>


</LanguageData>