﻿<?xml version="1.0" encoding="utf-8"?>
<!--suppress ALL -->
<LanguageData>
  <RecruitRelationshipDamage.label>방문객 포섭시 관계손상</RecruitRelationshipDamage.label>
  <RecruitRelationshipDamage.description>방문객을 성공적으로 포섭하였을때 받는 관계 손상도입니다.</RecruitRelationshipDamage.description>
  <RecruitEffectivity.label>방문객 포섭 효율</RecruitEffectivity.label>
  <RecruitEffectivity.description>방문객을 당신의 세력으로 포섭할 때의 효율입니다.</RecruitEffectivity.description>
</LanguageData>