﻿<?xml version="1.0" encoding="utf-8" ?>
<!--suppress ALL -->
<LanguageData>
	
	<rep>
		<path>Sentence_CharmAttemptAccepted.rulePack.rulesStrings[0]</path>
		<trans>sent->[recipient_nameShortDef] в восторге от [initiator_nameShortDef]'s предложения.</trans>
	</rep>	
	<rep>
		<path>Sentence_CharmAttemptRejected.rulePack.rulesStrings[0]</path>
		<trans>sent->[recipient_nameShortDef] раздражается из-за [initiator_nameShortDef].</trans>
	</rep>
	
</LanguageData>
