﻿<?xml version="1.0" encoding="utf-8" ?>
<LanguageData>

	<rep>
		<path>GuestBeds.label</path>
		<trans>Camas de invitados</trans>
	</rep>
	<rep>
		<path>GuestBeds.helpText</path>
		<trans>Los visitantes prefieren dormir en camas.\n\nHay camas de huéspedes específicas que puede construir para ellos.</trans>
	</rep>

	<rep>
		<path>RecruitGuest.label</path>
		<trans>Reclutamiento de invitados</trans>
	</rep>
	<rep>
		<path>RecruitGuest.helpText</path>
		<trans>Puede contratar invitados.\n\nReclutar a un huésped le costará buena voluntad con la facción de los huéspedes. Asegúrese de tener un colon con buenas habilidades sociales asignadas para la negociación.</trans>
	</rep>

	<rep>
		<path>Hospitality.label</path>
		<trans>Hospitalidad</trans>
	</rep>
	<rep>
		<path>Hospitality.helpText</path>
		<trans>Cuando llegue un grupo de visitantes, utilizarán sus instalaciones de alegría, dormirán en camas de invitados y comprarán artículos en su área permitida.\n\nSi disfrutaron su visita, esto aumentará su reputación con su facción.</trans>
	</rep>

</LanguageData>
