﻿<?xml version="1.0" encoding="utf-8" ?>
<!--suppress ALL -->
<LanguageData>
	
	<GuestDiplomacy.label>mejorar relación</GuestDiplomacy.label>
	<rep>
		<path>GuestDiplomacy.logRulesInitiator.rulesStrings[0]</path>
		<trans>logentry->Tuvo una conversación diplomática con [other_nameShortIndef].</trans>
	</rep>
	<rep>
		<path>GuestDiplomacy.logRulesRecipient.rulesStrings[0]</path>
		<trans>logentry->Escucho el discurso diplomático de [other_nameShortIndef].</trans>
	</rep>

	<CharmGuestAttempt.label>intento de halago</CharmGuestAttempt.label>
	<rep>
		<path>CharmGuestAttempt.logRulesInitiator.rulesStrings[0]</path>
		<trans>logentry->Halagó a [other_nameShortIndef] en quedarse.</trans>
	</rep>
	<rep>
		<path>CharmGuestAttempt.logRulesRecipient.rulesStrings[0]</path>
		<trans>logentry->Escuchó una intento de reclutamiento de [other_nameShortIndef].</trans>
	</rep>


</LanguageData>
