﻿<?xml version="1.0" encoding="utf-8"?>
<LanguageData>

  <!--[Core] <LowExpectations.stages.0.label>合理的期望</LowExpectations.stages.0.label>-->
  <!--[Core] <LowExpectations.stages.0.description>这个地方并不富裕。我也不能指望凡事都被惯着。</LowExpectations.stages.0.description>-->
  <!--[Core] <LowExpectations.stages.1.label>较低的期望</LowExpectations.stages.1.label>-->
  <!--[Core] <LowExpectations.stages.1.description>这个地方有点穷，我需要学的坚强一些。</LowExpectations.stages.1.description>-->
  <!--[Core] <LowExpectations.stages.2.label>很低的期望</LowExpectations.stages.2.label>-->
  <!--[Core] <LowExpectations.stages.2.description>这个地方非常贫穷。我不指望能过得很舒适；我要使自己坚强起来。</LowExpectations.stages.2.description>-->
  <!--[Core] <LowExpectations.stages.3.label>极低的期望</LowExpectations.stages.3.label>-->
  <!--[Core] <LowExpectations.stages.3.description>这个地方连个遮风挡雨的棚子都没有，我必须如钢铁般坚强才能活下去。</LowExpectations.stages.3.description>-->

  <GuestBedCount.stages.0.label>没有访客用床</GuestBedCount.stages.0.label>
  <GuestBedCount.stages.0.description>他们甚至连张床都没有。</GuestBedCount.stages.0.description>
  <GuestBedCount.stages.1.label>没有足够的访客用床</GuestBedCount.stages.1.label>
  <GuestBedCount.stages.1.description>我们的房间应该多放几张床。</GuestBedCount.stages.1.description>
  <GuestBedCount.stages.2.label>足够的访客用床</GuestBedCount.stages.2.label>
  <GuestBedCount.stages.2.description>我们的房间有足够我们所有人用的床。</GuestBedCount.stages.2.description>
  <GuestBedCount.stages.3.label>好多的床</GuestBedCount.stages.3.label>
  <GuestBedCount.stages.3.description>哇哦！很多的床！</GuestBedCount.stages.3.description>


</LanguageData>