﻿<?xml version="1.0" encoding="utf-8"?>
<LanguageData>

  <CharmGuest.reportString>Trying to recruit TargetA.</CharmGuest.reportString>
  <GuestImproveRelationship.reportString>Trying to improve relationship with TargetA's faction.</GuestImproveRelationship.reportString>
  <BuyItem.reportString>Checking out TargetA.</BuyItem.reportString>
  <BrowseItems.reportString>Browsing wares.</BrowseItems.reportString>
  <ClaimGuestBed.reportString>Claiming a bed.</ClaimGuestBed.reportString>


</LanguageData>