﻿<?xml version="1.0" encoding="utf-8"?>
<LanguageData>

  <!-- Concepts taught through the learning readout, when opportunities arise -->

  <GuestBeds.label>訪客用床</GuestBeds.label>
  <GuestBeds.helpText>訪客更願意睡在床上。\n\n你可以為他們建造特定的訪客用床。</GuestBeds.helpText>

  <RecruitGuest.label>正在招募訪客</RecruitGuest.label>
  <RecruitGuest.helpText>你可以招募訪客。\n\n招募一名訪客將會破壞你與其所屬勢力的友誼。確保你有一名高社交技能的殖民者被指派了交涉任務。</RecruitGuest.helpText>


</LanguageData>