﻿<?xml version="1.0" encoding="utf-8"?>
<LanguageData>
  <GuestAngered.stages.0.label>포섭 시도를 보고 분개함</GuestAngered.stages.0.label>
  <GuestAngered.stages.0.labelSocial>포섭을 당한 것에 분개함</GuestAngered.stages.0.labelSocial>
  <GuestAngered.stages.0.description>이자들은 우리 멤버를 훔치려 하고 있어!</GuestAngered.stages.0.description>
  <GuestOffendedRelationship.stages.0.label>개척민에게 모욕당함</GuestOffendedRelationship.stages.0.label>
  <GuestOffendedRelationship.stages.0.labelSocial>모욕당함</GuestOffendedRelationship.stages.0.labelSocial>
  <GuestOffendedRelationship.stages.0.description>이자들은 패배자들이야!</GuestOffendedRelationship.stages.0.description>
  <GuestPleasedRelationship.stages.0.label>개척민에게 권유당함</GuestPleasedRelationship.stages.0.label>
  <GuestPleasedRelationship.stages.0.labelSocial>권유당함</GuestPleasedRelationship.stages.0.labelSocial>
  <GuestPleasedRelationship.stages.0.description>정말 친절한 사람들이야!</GuestPleasedRelationship.stages.0.description>
  <EndorsedByRecruiter.stages.0.label>교섭가가 나를 소개해줌</EndorsedByRecruiter.stages.0.label>
  <EndorsedByRecruiter.stages.0.labelSocial>교섭가가 소개해줌</EndorsedByRecruiter.stages.0.labelSocial>
  <EndorsedByRecruiter.stages.0.description>교섭가가 나를 칭찬하며 정착민을 소개해줬어.</EndorsedByRecruiter.stages.0.description>
  <GuestDismissiveAttitude.stages.0.label>말하기 피곤함</GuestDismissiveAttitude.stages.0.label>
  <GuestDismissiveAttitude.stages.0.description>지금은 더 얘기하고 싶지 않아.</GuestDismissiveAttitude.stages.0.description>
</LanguageData>