﻿<?xml version="1.0" encoding="utf-8"?>
<LanguageData>

  <!-- Recruiting -->
  <RecruitAngerMultiple>{0} 在一次爭吵中激怒了 {1} x{2} 。</RecruitAngerMultiple>
  <RecruitAngerOther>{3} 注意到 {0} 試圖招募 {1} 而被觸怒了。（{2}幾率）</RecruitAngerOther>
  <RecruitFactionAnger>{1} 的 {0} 對於你招募 {2} 的行為感到憤怒。（{3}）</RecruitFactionAnger>
  <RecruitFactionAngerLeaderless>{0} 的成員對你招募{1}的行為很氣憤。（{2}）</RecruitFactionAngerLeaderless>
  <RecruitFactionPlease>{1} 的 {0} 很樂意你把 {2} 招募走。（{3}）</RecruitFactionPlease>
  <RecruitFactionPleaseLeaderless>{0} 的成員很樂意你將 {1} 招募走。（{2}）</RecruitFactionPleaseLeaderless>
  <MessageGuestRecruitSuccess>{0} 欣然決定了加入你的殖民地！</MessageGuestRecruitSuccess>
  <LetterLabelRecruitFactionChiefAnger>首領的憤怒</LetterLabelRecruitFactionChiefAnger>
  <LetterLabelRecruitFactionAnger>勢力的憤怒</LetterLabelRecruitFactionAnger>
  <LetterLabelRecruitFactionChiefPlease>首領的感謝</LetterLabelRecruitFactionChiefPlease>
  <LetterLabelRecruitFactionPlease>勢力的感謝</LetterLabelRecruitFactionPlease>

  <TextMote_CharmFail>冒犯</TextMote_CharmFail>
  <TextMote_CharmSuccess>說服</TextMote_CharmSuccess>

  <!-- Diplomacy -->
  <ImproveFactionPlease>{0} 改善了 {4} 與 {1} （來自 {2}）的關係。（{3}機率）</ImproveFactionPlease>
  <ImproveFactionAnger>{0} 惡化了與  {1} （來自 {2}）的關係。（{3}機率）</ImproveFactionAnger>

  <!-- Incident Results -->
  <VisitorsLeavingGreat>他們對此地的熱情好客稱讚不已！（評分：{1}）</VisitorsLeavingGreat>
  <VisitorsLeavingGood>他們享受了停留此地的時光。（評分：{1}）</VisitorsLeavingGood>
  <VisitorsLeavingNormal>他們此次停留還算不錯。（評分：{1}）</VisitorsLeavingNormal>
  <VisitorsLeavingBad>他們希望你能做得更好些。（評分：{1}）</VisitorsLeavingBad>
  <VisitorsLeavingAwful>他們对此次停留感到极其失望。（評分：{1}）</VisitorsLeavingAwful>
  <VisitorSatisfied>{0} 享受了停留 {1} 的時光。{2}送了一些東西給你： {3}。</VisitorSatisfied>
  <VisitorVerySatisfied>{0} 非常享受停留 {1} 的時光。{2} 送給殖民地一些東西： {3}。</VisitorVerySatisfied>
  <MessageVisitorsLeavingCold>由於過於寒冷，來自 {0} 的訪客離開了。</MessageVisitorsLeavingCold>
  <VisitorsSentAway>你已經把訪客送走了。</VisitorsSentAway>

  <VisitorsReturnSoon>他們將在幾天後再次來訪。</VisitorsReturnSoon>
  <VisitorsReturnWhile>他們將在一段事件後再次來訪。</VisitorsReturnWhile>
  <VisitorsReturnNotSoon>近期內他們不會再來了。</VisitorsReturnNotSoon>
  <VisitorsReturnNot>他們已經受夠了你。</VisitorsReturnNot>

  <VisitorsArrivedTitle>來自{0}的訪客已到達</VisitorsArrivedTitle>
  <VisitorsArrivedDesc>由於以下原因，他們害怕進入你的領地：\n{1}\n\n如果你送他們離開，他們會稍作停留然後返回。</VisitorsArrivedDesc>
  <VisitorsArrivedAccept>確保安全</VisitorsArrivedAccept>
  <VisitorsArrivedRefuse>送離</VisitorsArrivedRefuse>

  <!-- Tab -->
  <ConvincingLeft>說服難度</ConvincingLeft>
  <FriendsRequirement>可进行招募的朋友人數： {0}/{1}</FriendsRequirement>
  <RecruitmentPenalty>招募後對友好度的損害</RecruitmentPenalty>
  <ImproveRelationship>嘗試款待</ImproveRelationship>
  <LeaveAlone>不打擾</LeaveAlone>
  <MayBuy>允許在區域內購買物品</MayBuy>
  <FactionGoodwill>勢力友好度</FactionGoodwill>
  <Hospitality>款待</Hospitality>
  <MakeDefault>設為默認</MakeDefault>
  <SendAway>送走</SendAway>
  <SendAwayQuestion>你確定要把來自 {0} 的訪客送走嗎？</SendAwayQuestion>
  <NotEnoughFriends>NAME 不是很喜歡你的殖民者(看法 &gt; {0})。</NotEnoughFriends>
  <CanNowBeRecruited>NAME 現在可以被招募了。</CanNowBeRecruited>
  <IsATrader>NAME 是貿易商隊成員，而不是訪客。</IsATrader>

  <!-- Infos -->
  <StatsReport_FinalAdjustment>調整</StatsReport_FinalAdjustment>

  <!-- Bed -->
  <ForGuestUse>訪客專用</ForGuestUse>
  <GuestBedFormat>訪客 {0}</GuestBedFormat>
  <CommandBedSetAsGuestLabel>訪客專用</CommandBedSetAsGuestLabel>
  <CommandBedSetAsGuestDesc>這張床是否給訪客使用。</CommandBedSetAsGuestDesc>

  <!-- Rescue -->
  <RescuedInitial>名叫 NAME 的 {0} 十分感謝你的援救，並且願意留在你的殖民地幫助你。\n\nHIS特性： {1}。</RescuedInitial>
  <RescuedInitial_Accept>接受</RescuedInitial_Accept>
  <RescuedInitial_Reject>拒絕</RescuedInitial_Reject>

  <!-- Wanderer -->
  <WandererInitial>來自 {0} 叫 NAME 的流浪者路過附近，並發現你需要人手。HECAP想加入你的殖民地。\n\nHECAP是一名 {1}，HIS特性： {2}。</WandererInitial>

</LanguageData>