﻿<?xml version="1.0" encoding="utf-8" ?>
<LanguageData>

	<rep>
		<path>GuestConvinced.stages[0].label</path>
		<trans>convencido por intento de reclutamiento</trans>
	</rep>
	<rep>
		<path>GuestConvinced.stages[0].labelSocial</path>
		<trans>convenceme</trans>
	</rep>
	<rep>
		<path>GuestConvinced.stages[0].description</path>
		<trans>Ese colon y yo hablamos de la colonia. Suena como un buen lugar...</trans>
	</rep>

	<rep>
		<path>GuestOffended.stages[0].label</path>
		<trans>me ofendió</trans>
	</rep>
	<rep>
		<path>GuestOffended.stages[0].labelSocial</path>
		<trans>ofendido por intento de reclutamiento</trans>
	</rep>
	<rep>
		<path>GuestOffended.stages[0].description</path>
		<trans>Ese colonista trató de reclutarme. ¡Pero no quiero dejar a mi facción!</trans>
	</rep>

	<rep>
		<path>GuestAngered.stages[0].label</path>
		<trans>enojado viendo reclutamiento</trans>
	</rep>
	<rep>
		<path>GuestAngered.stages[0].labelSocial</path>
		<trans>me enojó tratando de reclutarme</trans>
	</rep>
	<rep>
		<path>GuestAngered.stages[0].description</path>
		<trans>Estos chicos están tratando de robar a nuestros miembros!</trans>
	</rep>

	<rep>
		<path>GuestOffendedRelationship.stages[0].label</path>
		<trans>Insultado por el colonizador</trans>
	</rep>
	<rep>
		<path>GuestOffendedRelationship.stages[0].labelSocial</path>
		<trans>me insultó</trans>
	</rep>
	<rep>
		<path>GuestOffendedRelationship.stages[0].description</path>
		<trans>¡Estos chicos son unos perdedores!</trans>
	</rep>

	<rep>
		<path>GuestPleasedRelationship.stages[0].label</path>
		<trans>encantado por colonos</trans>
	</rep>
	<rep>
		<path>GuestPleasedRelationship.stages[0].labelSocial</path>
		<trans>me encantó</trans>
	</rep>
	<rep>
		<path>GuestPleasedRelationship.stages[0].description</path>
		<trans>Gente tan agradable!</trans>
	</rep>

	<rep>
		<path>GuestDismissiveAttitude.stages[0].label</path>
		<trans>cansado de hablar</trans>
	</rep>
	<rep>
		<path>GuestDismissiveAttitude.stages[0].description</path>
		<trans>Ya he terminado de hablar por ahora. Déjame solo.</trans>
	</rep>
	<rep>
		<path>GuestBedCount.stages[0].label</path>
		<trans>sin camas para huéspedes</trans>
	</rep>
	<rep>
		<path>GuestBedCount.stages[0].description</path>
		<trans>Ni siquiera tienen camas aquí.</trans>
	</rep>
	<rep>
		<path>GuestBedCount.stages[1].label</path>
		<trans>no hay suficientes camas de invitados</trans>
	</rep>
	<rep>
		<path>GuestBedCount.stages[1].description</path>
		<trans>Debería haber más camas en nuestra habitación.</trans>
	</rep>
	<rep>
		<path>GuestBedCount.stages[2].label</path>
		<trans>suficientes camas</trans>
	</rep>
	<rep>
		<path>GuestBedCount.stages[2].description</path>
		<trans>Hay suficientes camas en nuestra habitación para todos nosotros.</trans>
	</rep>
	<rep>
		<path>GuestBedCount.stages[3].label</path>
		<trans>muchas camas</trans>
	</rep>
	<rep>
		<path>GuestBedCount.stages[3].description</path>
		<trans>¡Guau, tantas camas!</trans>
	</rep>

</LanguageData>
